1,Ludovico Einaudi Daniel Hope I Virtuosi Italiani - Life,Ludovico_Einaudi_Daniel_Hope_I_Virtuosi_Italiani_-_Life.mp3,classic,true,1,2022-08-06 17:40:54.000000 +00:00,true,24
2,Don Diablo & Marnik - Children Of A Miracle,Don_Diablo_&_Marnik_-_Children_Of_A_Miracle.mp3,electronic,true,1,2022-08-06 17:27:50.000000 +00:00,true,95
3,Linkin park - Numb,Linkin_park_-_Numb.mp3,rock,true,1,2022-06-19 03:35:12.000000 +00:00,true,373
4,"Luis Fonsi, Daddy Yankee - Despacito  ft. Justin Bieber","Luis_Fonsi,_Daddy_Yankee_-_Despacito__ft._Justin_Bieber.mp3",pop,false,1,2022-08-06 09:48:31.000000 +00:00,true,447
5,2nd Life - The Unknown,2nd_Life_-_The_Unknown.mp3,electronic,true,1,2022-08-06 17:27:50.000000 +00:00,true,455
6,B3nte & B3VA - La La La,B3nte_&_B3VA_-_La_La_La.mp3,electronic,true,1,2022-08-06 17:27:50.000000 +00:00,true,456
7,Pain - Shut Your Mouth,Pain_-_Shut_Your_Mouth.mp3,rock,true,1,2022-08-06 17:24:07.000000 +00:00,true,457
8,Klaas - Close To You (Extended Mix),Klaas_-_Close_To_You_(Extended_Mix).mp3,electronic,true,1,2022-08-06 17:27:51.000000 +00:00,true,469
9,Affectwave & Joinnus - NPG,Affectwave_&_Joinnus_-_NPG.mp3,electronic,true,1,2022-08-06 17:27:50.000000 +00:00,true,575
10,Junior Caldera - Lights Out,Junior_Caldera_-_Lights_Out.mp3,electronic,true,1,2022-08-06 17:27:51.000000 +00:00,true,579
11,Icon For Hire - Nerves,Icon_For_Hire_-_Nerves.mp3,rock,false,1,2022-08-06 09:40:00.000000 +00:00,true,602
12,The Rasmus - Immortal,The_Rasmus_-_Immortal.mp3,rock,false,1,2022-08-06 10:05:13.000000 +00:00,true,609
13,Blur - Song 2,Blur_-_Song_2.mp3,rock,true,1,2022-06-19 03:35:13.000000 +00:00,true,642
14,Guano Apes - Big in Japan,Guano_Apes_-_Big_in_Japan.mp3,rock,false,1,2022-08-06 09:34:07.000000 +00:00,true,686
15,Icon For Hire - Only A Memory,Icon_For_Hire_-_Only_A_Memory.mp3,rock,true,1,2022-08-06 17:24:07.000000 +00:00,true,769
16,Mushmellow - Without you,Mushmellow_-_Without_you.mp3,rock,true,1,2022-08-06 17:24:07.000000 +00:00,true,940
17,Amy Shark - Mess Her Up,Amy_Shark_-_Mess_Her_Up.mp3,dance,true,1,2022-08-06 17:23:25.000000 +00:00,true,973
18,Roy Knox - Lost In Sound VIP,Roy_Knox_-_Lost_In_Sound_VIP.mp3,electronic,true,1,2022-08-06 17:31:03.000000 +00:00,true,997
19,Toby Mac - Ignition,Toby_Mac_-_Ignition.mp3,rock,false,1,2022-08-06 10:15:48.000000 +00:00,true,1025
20,Brand X Music - Kings Gambit,Brand_X_Music_-_Kings_Gambit.mp3,classic,true,1,2022-08-06 17:40:54.000000 +00:00,true,1034
21,No Resolve - How Far Ill Go,No_Resolve_-_How_Far_Ill_Go.mp3,rock,true,1,2022-08-06 17:24:07.000000 +00:00,true,1050
22,Muse - New Born,Muse_-_New_Born.mp3,rock,true,1,2022-08-06 17:24:07.000000 +00:00,true,1083
23,Marmok - One more time,Marmok_-_One_more_time.mp3,electronic,false,1,2022-08-06 09:49:30.000000 +00:00,true,1105
24,Desmeon - Hellcat,Desmeon_-_Hellcat.mp3,electronic,true,1,2022-08-06 10:30:42.000000 +00:00,true,1134
25,Mohombi - Hello,Mohombi_-_Hello.mp3,dance,true,1,2022-08-06 17:23:25.000000 +00:00,true,1137
26,"Alan Walker, K-391, Emelie Hollow - Lily","Alan_Walker,_K-391,_Emelie_Hollow_-_Lily.mp3",electronic,true,1,2022-08-06 17:27:50.000000 +00:00,true,1205
27,Halestorm - Daughters Of Darkness,Halestorm_-_Daughters_Of_Darkness.mp3,rock,false,1,2022-08-06 09:35:25.000000 +00:00,true,1277
28,Vize - Stars (ft. Laniia),Vize_-_Stars_(ft._Laniia).mp3,electronic,true,1,2022-08-06 17:31:34.000000 +00:00,true,1281
29,All good things - I Have The Power,All_good_things_-_I_Have_The_Power.mp3,rock,false,1,2022-08-06 09:23:36.000000 +00:00,true,1282
30,Citizen Soldier - Stronger Than My Storm,Citizen_Soldier_-_Stronger_Than_My_Storm.mp3,rock,true,1,2022-08-06 17:24:07.000000 +00:00,true,1308
31,Amaranthe - Automatic,Amaranthe_-_Automatic.mp3,rock,false,1,2022-08-06 09:23:36.000000 +00:00,true,1344
32,Starset - Point of No Return,Starset_-_Point_of_No_Return.mp3,rock,false,1,2022-08-06 09:56:51.000000 +00:00,true,1549
33,Amaranthe - Invincible,Amaranthe_-_Invincible.mp3,rock,false,1,2022-08-06 09:23:36.000000 +00:00,true,1618
34,Jetta - I'd Love to Change the World (Matstubs Remix),Jetta_-_I'd_Love_to_Change_the_World_(Matstubs_Remix).mp3,electronic,true,1,2022-08-06 17:27:50.000000 +00:00,true,1641
35,"Galwaro,LIZOT - Like A Prayer","Galwaro,LIZOT_-_Like_A_Prayer.mp3",dance,true,1,2022-08-06 17:23:25.000000 +00:00,true,1665
36,The Fat Rat - Monody,The_Fat_Rat_-_Monody.mp3,electronic,true,1,2022-08-06 10:02:06.000000 +00:00,true,1684
37,Veridia - Crazy In A Good Way,Veridia_-_Crazy_In_A_Good_Way.mp3,rock,true,1,2022-08-06 10:12:17.000000 +00:00,true,1693
38,Paradise - Come On,Paradise_-_Come_On.mp3,electronic,true,1,2022-08-06 17:31:03.000000 +00:00,true,1830
39,VANLAV - Tomorrow,VANLAV_-_Tomorrow.mp3,electronic,true,1,2022-08-06 17:31:34.000000 +00:00,true,1875
40,"TheFatRat, Slaydit, Anjulie - Stronger","TheFatRat,_Slaydit,_Anjulie_-_Stronger.mp3",electronic,true,1,2022-08-06 17:31:03.000000 +00:00,true,1925
41,Two Steps From Hell - Strength of a Thousand Men (OST к игре Mass Effect 3),Two_Steps_From_Hell_-_Strength_of_a_Thousand_Men_(OST_к_игре_Mass_Effect_3).mp3,electronic,true,1,2022-08-06 17:31:34.000000 +00:00,true,1991
42,Halestorm - Amen,Halestorm_-_Amen.mp3,rock,false,1,2022-08-06 09:35:25.000000 +00:00,true,2016
43,Ummet Ozcan - Seesaw,Ummet_Ozcan_-_Seesaw.mp3,electronic,true,1,2022-08-06 17:31:34.000000 +00:00,true,2016
44,Eluveitie - The Call of the Mountains,Eluveitie_-_The_Call_of_the_Mountains.mp3,rock,false,1,2022-08-06 09:30:49.000000 +00:00,true,2030
45,Bon Jovi - Its My Life,Bon_Jovi_-_Its_My_Life.mp3,rock,true,1,2022-08-06 17:24:07.000000 +00:00,true,2042
46,Sum 41 - No Reason,Sum_41_-_No_Reason.mp3,rock,false,1,2022-06-19 03:35:12.000000 +00:00,true,2050
47,TheFatRat - Xenogenesis,TheFatRat_-_Xenogenesis.mp3,electronic,true,1,2022-08-06 17:31:03.000000 +00:00,true,2118
48,Nightwish - Over the Hills and Far Away,Nightwish_-_Over_the_Hills_and_Far_Away.mp3,rock,true,1,2022-08-06 17:24:07.000000 +00:00,true,2185
49,Hallmore - Unbroken,Hallmore_-_Unbroken.mp3,electronic,true,1,2022-08-06 17:27:50.000000 +00:00,true,2195
50,Yiruma - River Flows In You,Yiruma_-_River_Flows_In_You.mp3,classic,true,1,2022-08-06 17:40:54.000000 +00:00,true,2305
51,System Of A Down - Hypnotize,System_Of_A_Down_-_Hypnotize.mp3,rock,false,1,2022-08-06 10:01:03.000000 +00:00,true,2314
52,Evanescence - My Immortal (Acoustic Version),Evanescence_-_My_Immortal_(Acoustic_Version).mp3,rock,true,1,2022-06-19 03:35:12.000000 +00:00,true,2323
53,Imagine Dragons - Believer,Imagine_Dragons_-_Believer.mp3,rock,true,1,2022-08-06 17:24:07.000000 +00:00,true,2345
54,Amadeus - Euphoria,Amadeus_-_Euphoria.mp3,electronic,true,1,2022-08-06 10:33:03.000000 +00:00,true,2384
55,The Rasmus - In the shadow,The_Rasmus_-_In_the_shadow.mp3,rock,false,1,2022-08-06 10:05:13.000000 +00:00,true,2391
56,Eluveitie - Luxtos,Eluveitie_-_Luxtos.mp3,rock,false,1,2022-08-06 09:30:49.000000 +00:00,true,2511
57,Adelitas Way - Dirty Little Thing,Adelitas_Way_-_Dirty_Little_Thing.mp3,rock,false,1,2022-08-06 10:21:46.000000 +00:00,true,2611
58,OMFG - Yeah,OMFG_-_Yeah.mp3,electronic,true,1,2022-08-06 17:31:03.000000 +00:00,true,2612
59,Klaas - Feel Only Love (feat. Mister Ruiz),Klaas_-_Feel_Only_Love_(feat._Mister_Ruiz).mp3,electronic,true,1,2022-08-06 17:27:51.000000 +00:00,true,2640
60,OMFG - Ice Cream,OMFG_-_Ice_Cream.mp3,electronic,true,1,2022-08-06 17:31:03.000000 +00:00,true,2682
61,Skillet - Rise,Skillet_-_Rise.mp3,rock,true,1,2022-08-06 17:24:07.000000 +00:00,true,2725
62,TheFatRat Everen Maxwell - Warbringer feat Lindsey Stirling Chapter 7,TheFatRat_Everen_Maxwell_-_Warbringer_feat_Lindsey_Stirling_Chapter_7.mp3,electronic,true,1,2022-08-06 17:31:03.000000 +00:00,true,2779
63,BEAUZ - Little Do You Know (feat. Jessie Villa),BEAUZ_-_Little_Do_You_Know_(feat._Jessie_Villa).mp3,electronic,true,1,2022-08-06 17:27:50.000000 +00:00,true,2845
64,OMFG - Everybody,OMFG_-_Everybody.mp3,electronic,true,1,2022-08-06 17:31:03.000000 +00:00,true,3014
65,Zomboy - Lone Wolf,Zomboy_-_Lone_Wolf.mp3,electronic,true,1,2022-08-06 17:31:34.000000 +00:00,true,3049
66,Mangoo & Dimatik - EURODANCER 2020,Mangoo_&_Dimatik_-_EURODANCER_2020.mp3,electronic,true,1,2022-08-06 17:31:03.000000 +00:00,true,3151
67,Vikings War of Clans - Battle Cry,Vikings_War_of_Clans_-_Battle_Cry.mp3,techno,false,1,2022-08-06 10:12:53.000000 +00:00,true,3199
68,Anjulie - Where The Love Goes (feat. Oskar Flood),Anjulie_-_Where_The_Love_Goes_(feat._Oskar_Flood).mp3,dance,true,1,2022-08-06 17:23:25.000000 +00:00,true,3200
69,SARY - Starlight Dancing,SARY_-_Starlight_Dancing.mp3,electronic,true,1,2022-08-06 17:31:03.000000 +00:00,true,3292
70,Manafest - Firestarter,Manafest_-_Firestarter.mp3,rock,true,1,2022-08-06 17:24:07.000000 +00:00,true,3317
71,Hallman - Endless Dawn,Hallman_-_Endless_Dawn.mp3,electronic,true,1,2022-08-06 17:27:50.000000 +00:00,true,3603
72,Avril Lavigne - Bite Me,Avril_Lavigne_-_Bite_Me.mp3,rock,true,1,2022-08-06 17:24:07.000000 +00:00,true,3670
73,AJR - Pretender,AJR_-_Pretender.mp3,electronic,true,1,2022-08-06 17:27:50.000000 +00:00,true,3758
74,Different Heaven - Nekozilla,Different_Heaven_-_Nekozilla.mp3,electronic,true,1,2022-08-06 10:36:25.000000 +00:00,true,3772
75,Amaranthe - Electroheart,Amaranthe_-_Electroheart.mp3,rock,false,1,2022-08-06 09:23:36.000000 +00:00,true,3859
76,Jamie Berry - Sour Puss,Jamie_Berry_-_Sour_Puss.mp3,dance,false,1,2022-08-06 09:40:35.000000 +00:00,true,3865
77,Amaranthe - Drop Dead Cynical,Amaranthe_-_Drop_Dead_Cynical.mp3,rock,false,1,2022-08-06 09:23:36.000000 +00:00,true,3893
78,League of Legends Alan Walker Again - Legends Never Die,League_of_Legends_Alan_Walker_Again_-_Legends_Never_Die.mp3,electronic,true,1,2022-08-06 17:31:02.000000 +00:00,true,3914
79,Alan Walker - The Spectre,Alan_Walker_-_The_Spectre.mp3,electronic,true,1,2022-08-06 17:27:50.000000 +00:00,true,3938
80,Lost Sky - Lost,Lost_Sky_-_Lost.mp3,electronic,true,1,2022-08-06 17:31:02.000000 +00:00,true,3963
81,Muse - Thought Contagion,Muse_-_Thought_Contagion.mp3,rock,true,1,2022-08-06 09:51:13.000000 +00:00,true,4078
82,Tonight Alive - Wasting Away,Tonight_Alive_-_Wasting_Away.mp3,rock,true,1,2022-08-06 17:24:07.000000 +00:00,true,4347
83,Skillet - Hero,Skillet_-_Hero.mp3,rock,true,1,2022-08-06 17:24:07.000000 +00:00,true,4350
84,Muse - Hysteria,Muse_-_Hysteria.mp3,rock,true,1,2022-08-06 17:24:07.000000 +00:00,true,4404
85,2nd Life - Confidence,2nd_Life_-_Confidence.mp3,electronic,true,1,2022-08-06 17:27:50.000000 +00:00,true,4416
86,"LUMX ft. KSHMR, Gabry Ponte, Karra - Scare Me (Chico Rose Remix)","LUMX_ft._KSHMR,_Gabry_Ponte,_Karra_-_Scare_Me_(Chico_Rose_Remix).mp3",electronic,true,1,2022-08-06 17:31:03.000000 +00:00,true,4485
87,The Fat Rat - Windfall,The_Fat_Rat_-_Windfall.mp3,electronic,false,1,2022-08-06 10:03:59.000000 +00:00,true,4541
88,Jim Yosef - Link NCS Release,Jim_Yosef_-_Link_NCS_Release.mp3,electronic,false,1,2022-08-06 10:31:37.000000 +00:00,true,4569
89,Amy Shark - I Said Hi,Amy_Shark_-_I_Said_Hi.mp3,electronic,true,1,2022-08-06 17:27:50.000000 +00:00,true,4620
90,Klaas - Fighter (Mazza & Tenashar Remix),Klaas_-_Fighter_(Mazza_&_Tenashar_Remix).mp3,electronic,true,1,2022-08-06 17:27:51.000000 +00:00,true,4706
91,The Fat Rat - Unity,The_Fat_Rat_-_Unity.mp3,electronic,false,1,2022-08-06 10:02:06.000000 +00:00,true,4810
92,All Good Things - Sirens,All_Good_Things_-_Sirens.mp3,electronic,true,1,2022-08-06 17:27:50.000000 +00:00,true,4944
93,"Klaas - Take My Hand (feat. Sary, Freischwimmer)","Klaas_-_Take_My_Hand_(feat._Sary,_Freischwimmer).mp3",electronic,true,1,2022-08-06 17:27:51.000000 +00:00,true,4985
94,Sia - Unstoppable,Sia_-_Unstoppable.mp3,electronic,true,1,2022-08-06 17:31:03.000000 +00:00,true,4986
95,Waterflame - Electroman Adventures,Waterflame_-_Electroman_Adventures.mp3,electronic,true,1,2022-08-06 17:31:34.000000 +00:00,true,5044
96,Hinder - Heaven Sent,Hinder_-_Heaven_Sent.mp3,rock,false,1,2022-08-06 09:38:11.000000 +00:00,true,5172
97,Adelitas Way - The Collapse,Adelitas_Way_-_The_Collapse.mp3,rock,false,1,2022-08-06 09:23:36.000000 +00:00,true,5202
98,Apocayiptica and Matze Sayer - Hope Feat,Apocayiptica_and_Matze_Sayer_-_Hope_Feat.mp3,rock,false,1,2022-06-19 03:35:13.000000 +00:00,true,5262
99,Imagine Dragons - Radioactive,Imagine_Dragons_-_Radioactive.mp3,rock,true,1,2022-08-06 17:24:07.000000 +00:00,true,5300
100,"Alan Walker - Different World (ft. K-391, Sofia Carson feat. CORSAK)","Alan_Walker_-_Different_World_(ft._K-391,_Sofia_Carson_feat._CORSAK).mp3",electronic,true,1,2022-08-06 17:27:50.000000 +00:00,true,5416
101,Guano Apes - Plastic mouth,Guano_Apes_-_Plastic_mouth.mp3,rock,false,1,2022-08-06 09:34:07.000000 +00:00,true,5431
102,Thomas Vent - Let It Grow,Thomas_Vent_-_Let_It_Grow.mp3,electronic,true,1,2022-08-06 17:31:03.000000 +00:00,true,5444
103,Mindset Evolution - Home,Mindset_Evolution_-_Home.mp3,rock,false,1,2022-08-06 09:51:13.000000 +00:00,true,5472
104,Evanescence - My immortal,Evanescence_-_My_immortal.mp3,rock,false,1,2022-06-19 03:35:13.000000 +00:00,true,5550
105,"Gabry Ponte, LUMX, Robin Schulz - Monster","Gabry_Ponte,_LUMX,_Robin_Schulz_-_Monster.mp3",electronic,true,1,2022-08-06 17:27:50.000000 +00:00,true,5578
106,Halestorm - I Miss The Misery,Halestorm_-_I_Miss_The_Misery.mp3,rock,false,1,2022-08-06 09:35:25.000000 +00:00,true,5709
107,RetroVision - Found You,RetroVision_-_Found_You.mp3,electronic,true,1,2022-08-06 17:31:03.000000 +00:00,true,5709
108,Vicetone - Shadow (feat. Allie X),Vicetone_-_Shadow_(feat._Allie_X).mp3,electronic,true,1,2022-08-06 17:31:34.000000 +00:00,true,5856
109,Skarlett Riot - Warrior,Skarlett_Riot_-_Warrior.mp3,rock,true,1,2022-08-06 17:24:07.000000 +00:00,true,5906
110,Marshmello - Alone,Marshmello_-_Alone.mp3,electronic,true,1,2022-08-06 17:31:03.000000 +00:00,true,5978
111,Hail The Villain - Runaway,Hail_The_Villain_-_Runaway.mp3,rock,true,1,2022-08-06 10:23:20.000000 +00:00,true,5981
112,TheFatRat Anjulie - Fly Away,TheFatRat_Anjulie_-_Fly_Away.mp3,electronic,true,1,2022-08-06 17:31:03.000000 +00:00,true,5999
113,Thousand Foot Krutch - Unbelievable,Thousand_Foot_Krutch_-_Unbelievable.mp3,rock,false,1,2022-08-06 10:28:48.000000 +00:00,true,6144
114,No Resolve - Surface Pressure,No_Resolve_-_Surface_Pressure.mp3,rock,true,1,2022-08-06 17:24:07.000000 +00:00,true,6274
115,Hoobastank - Out Of Control,Hoobastank_-_Out_Of_Control.mp3,rock,true,1,2022-06-19 03:35:12.000000 +00:00,true,6305
116,Icon For Hire - Sorry About Your Parents,Icon_For_Hire_-_Sorry_About_Your_Parents.mp3,rock,true,1,2022-08-06 09:40:00.000000 +00:00,true,6330
117,MAXAM LIZOT - Skippin,MAXAM_LIZOT_-_Skippin.mp3,electronic,true,1,2022-08-06 17:31:03.000000 +00:00,true,6340
118,Helen Jane Long - Outside,Helen_Jane_Long_-_Outside.mp3,classic,true,1,2022-08-06 17:35:40.000000 +00:00,true,6398
119,TheFatRat - Infinite Power,TheFatRat_-_Infinite_Power.mp3,electronic,true,1,2022-08-06 17:31:03.000000 +00:00,true,6408
120,Black Veil Brides - In The End (M.I. Sound Improvement),Black_Veil_Brides_-_In_The_End_(M.I._Sound_Improvement).mp3,rock,true,1,2022-08-06 17:24:07.000000 +00:00,true,6415
121,Julius Dreisig & Zeus X Crona - Invisible,Julius_Dreisig_&_Zeus_X_Crona_-_Invisible.mp3,electronic,true,1,2022-08-06 09:46:05.000000 +00:00,true,6434
122,Myrne - Confessions (ft. Cozi Zuehlsdorff),Myrne_-_Confessions_(ft._Cozi_Zuehlsdorff).mp3,electronic,true,1,2022-08-06 17:31:03.000000 +00:00,true,6441
123,All Time Low - Damned If I Do Ya,All_Time_Low_-_Damned_If_I_Do_Ya.mp3,rock,false,1,2022-08-06 09:23:36.000000 +00:00,true,6469
124,The Dirty Youth - Alive,The_Dirty_Youth_-_Alive.mp3,rock,true,1,2022-08-06 17:24:07.000000 +00:00,true,6472
125,The Used - The bird and the Worm,The_Used_-_The_bird_and_the_Worm.mp3,rock,true,1,2022-08-06 10:12:17.000000 +00:00,true,6558
126,Skillet - Rebirthing,Skillet_-_Rebirthing.mp3,rock,true,1,2022-08-06 17:24:07.000000 +00:00,true,6559
127,Icon For Hire - Off With Her Head,Icon_For_Hire_-_Off_With_Her_Head.mp3,rock,false,1,2022-08-06 09:40:00.000000 +00:00,true,6568
128,Amaranthe - The Nexus,Amaranthe_-_The_Nexus.mp3,rock,false,1,2022-08-06 09:23:36.000000 +00:00,true,6749
129,Amaranthe - Hunger,Amaranthe_-_Hunger.mp3,rock,false,1,2022-08-06 09:23:36.000000 +00:00,true,6750
130,Nightwish - She Is My Sin,Nightwish_-_She_Is_My_Sin.mp3,rock,true,1,2022-08-06 17:24:07.000000 +00:00,true,6963
131,Die Happy - Survivor,Die_Happy_-_Survivor.mp3,rock,true,1,2022-08-06 17:24:07.000000 +00:00,true,6987
132,Blind Guardian - Nightfall,Blind_Guardian_-_Nightfall.mp3,rock,true,1,2022-08-06 10:26:24.000000 +00:00,true,7107
133,Thousand Foot Krutch - Take It Out On Me,Thousand_Foot_Krutch_-_Take_It_Out_On_Me.mp3,rock,true,1,2022-08-06 17:24:07.000000 +00:00,true,7151
134,Xoma - In My Head,Xoma_-_In_My_Head.mp3,electronic,true,1,2022-08-06 17:31:34.000000 +00:00,true,7190
135,Guano Apes - Break The Line,Guano_Apes_-_Break_The_Line.mp3,rock,false,1,2022-08-06 09:34:07.000000 +00:00,true,7232
136,Ina Wroldsen - Mother,Ina_Wroldsen_-_Mother.mp3,dance,true,1,2022-08-06 17:23:25.000000 +00:00,true,7268
137,Marin Hoxha - Endless,Marin_Hoxha_-_Endless.mp3,electronic,false,1,2022-08-06 09:49:30.000000 +00:00,true,7298
138,Britney Spears - Overprotected,Britney_Spears_-_Overprotected.mp3,pop,false,1,2022-08-06 09:27:13.000000 +00:00,true,7312
139,Starset - Antigravity,Starset_-_Antigravity.mp3,rock,true,1,2022-08-06 09:56:51.000000 +00:00,true,7361
140,Fall Out Boy - Immortals,Fall_Out_Boy_-_Immortals.mp3,rock,true,1,2022-06-19 03:35:12.000000 +00:00,true,7465
141,Him - Join Me In Death,Him_-_Join_Me_In_Death.mp3,rock,false,1,2022-08-06 09:38:11.000000 +00:00,true,7510
142,Breaking Benjamin - Without You (Acoustic),Breaking_Benjamin_-_Without_You_(Acoustic).mp3,rock,false,1,2022-08-06 09:26:23.000000 +00:00,true,7552
143,Amadeus - Legendary,Amadeus_-_Legendary.mp3,electronic,true,1,2022-08-06 10:30:42.000000 +00:00,true,7614
144,TheFatRat - Jackpot,TheFatRat_-_Jackpot.mp3,electronic,true,1,2022-08-06 17:31:03.000000 +00:00,true,7754
145,Neovaii - Meaning,Neovaii_-_Meaning.mp3,electronic,true,1,2022-08-06 17:31:03.000000 +00:00,true,7766
146,AShamaluevMusic - Epic Sport Rock,AShamaluevMusic_-_Epic_Sport_Rock.mp3,electronic,true,1,2022-08-06 17:27:50.000000 +00:00,true,7782
147,ROY - I Wish,ROY_-_I_Wish.mp3,electronic,false,1,2022-08-06 10:38:09.000000 +00:00,true,7802
148,Egypt Central - Dying To Leave,Egypt_Central_-_Dying_To_Leave.mp3,rock,false,1,2022-08-06 09:30:49.000000 +00:00,true,7818
149,OMFG - I Love You,OMFG_-_I_Love_You.mp3,electronic,true,1,2022-08-06 17:31:03.000000 +00:00,true,7859
150,Alex Hepburn - Under,Alex_Hepburn_-_Under.mp3,dance,true,1,2022-08-06 17:23:25.000000 +00:00,true,7864
151,TheFatRat - Origin Reprise,TheFatRat_-_Origin_Reprise.mp3,electronic,true,1,2022-08-06 17:31:03.000000 +00:00,true,7876
152,OMFG - Hello,OMFG_-_Hello.mp3,electronic,true,1,2022-08-06 09:53:25.000000 +00:00,true,7958
153,Thousand Foot Krutch - Lifeline,Thousand_Foot_Krutch_-_Lifeline.mp3,rock,false,1,2022-08-06 10:12:17.000000 +00:00,true,8052
154,Sum 41 - Chuck,Sum_41_-_Chuck.mp3,rock,true,1,2022-08-06 09:58:38.000000 +00:00,true,8118
155,The Letter Black - Therell Come A Day,The_Letter_Black_-_Therell_Come_A_Day.mp3,rock,true,1,2022-08-06 17:24:07.000000 +00:00,true,8250
156,Bishu - Crossfire (feat. RØRY),Bishu_-_Crossfire_(feat._RØRY).mp3,electronic,true,1,2022-08-06 17:27:50.000000 +00:00,true,8287
157,Drive Hard - Prototyperaptor ,Drive_Hard_-_Prototyperaptor_.mp3,electronic,true,1,2022-08-06 09:29:25.000000 +00:00,true,8429
158,Lost Sky - Forever,Lost_Sky_-_Forever.mp3,electronic,true,1,2022-08-06 17:31:02.000000 +00:00,true,8654
159,Paradise - Here we go,Paradise_-_Here_we_go.mp3,electronic,true,1,2022-08-06 17:31:03.000000 +00:00,true,8715
160,Skillet - Awake and Alive,Skillet_-_Awake_and_Alive.mp3,rock,true,1,2022-08-06 17:24:07.000000 +00:00,true,8775
161,Jim Yosef - Reverse,Jim_Yosef_-_Reverse.mp3,electronic,true,1,2022-08-06 17:27:50.000000 +00:00,true,8794
162,Swif7 - Your Gain,Swif7_-_Your_Gain.mp3,electronic,true,1,2022-08-06 17:31:03.000000 +00:00,true,8830
163,Halestorm - Not You,Halestorm_-_Not_You.mp3,rock,false,1,2022-08-06 09:36:03.000000 +00:00,true,8843
164,TheFatRat - Envelope,TheFatRat_-_Envelope.mp3,electronic,true,1,2022-08-06 17:31:03.000000 +00:00,true,8844
165,Ampyx - Rise,Ampyx_-_Rise.mp3,electronic,false,1,2022-08-06 10:33:03.000000 +00:00,true,8908
166,Jonth feat Veronica Bravo - Sun Comes Up,Jonth_feat_Veronica_Bravo_-_Sun_Comes_Up.mp3,electronic,true,1,2022-08-06 17:27:51.000000 +00:00,true,9021
167,The Score - Head Up,The_Score_-_Head_Up.mp3,dance,true,1,2022-08-06 17:23:25.000000 +00:00,true,9071
168,Breaking Benjamin - Without You,Breaking_Benjamin_-_Without_You.mp3,rock,false,1,2022-08-06 09:26:23.000000 +00:00,true,9192
169,We Are Fury - Broken (ft. Luma),We_Are_Fury_-_Broken_(ft._Luma).mp3,electronic,true,1,2022-08-06 17:31:34.000000 +00:00,true,9220
170,Skillet feat Lacey Sturm - Breaking Free feat Lacey Sturm,Skillet_feat_Lacey_Sturm_-_Breaking_Free_feat_Lacey_Sturm.mp3,rock,true,1,2022-08-06 17:24:07.000000 +00:00,true,9308
171,Hoobastank - Don't Think I Love,Hoobastank_-_Don't_Think_I_Love.mp3,rock,true,1,2022-06-19 03:35:12.000000 +00:00,true,9362
172,TheFatRat - Time Lapse,TheFatRat_-_Time_Lapse.mp3,electronic,true,1,2022-08-06 17:31:03.000000 +00:00,true,9475
173,Starset - Carnivore,Starset_-_Carnivore.mp3,rock,false,1,2022-08-06 09:56:51.000000 +00:00,true,9557
174,Alan Walker - On My Way (ft. Sabrina Carpenter & Farruko),Alan_Walker_-_On_My_Way_(ft._Sabrina_Carpenter_&_Farruko).mp3,electronic,true,1,2022-08-06 17:27:50.000000 +00:00,true,9647
175,Him - The Funeral Of Hearts (Acoustic Version),Him_-_The_Funeral_Of_Hearts_(Acoustic_Version).mp3,rock,false,1,2022-08-06 09:38:11.000000 +00:00,true,9653
176,Icon For Hire - Get Well,Icon_For_Hire_-_Get_Well.mp3,rock,false,1,2022-08-06 09:40:00.000000 +00:00,true,9727
177,Vicetone (feat. Cozi Zuehlsdorff) - Nevada,Vicetone_(feat._Cozi_Zuehlsdorff)_-_Nevada.mp3,electronic,true,1,2022-08-06 17:31:34.000000 +00:00,true,9756
178,All Time Low - Kids In the Dark,All_Time_Low_-_Kids_In_the_Dark.mp3,rock,true,1,2022-08-06 17:24:06.000000 +00:00,true,9819
179,Alan Walker - Sky (ft. Alex Skrindo),Alan_Walker_-_Sky_(ft._Alex_Skrindo).mp3,electronic,true,1,2022-08-06 17:27:50.000000 +00:00,true,9929
180,Nico Filippo-Welcome to School,Nico_Filippo-Welcome_to_School.mp3,dance,false,1,2022-08-06 09:52:35.000000 +00:00,true,9965
